Plik;N;Optimum;ZnalezionyKoszt;Blad(%);Czas(s)
br17.atsp;17;39;39;0;900
ftv33.atsp;34;1286;1286;0;900
ftv38.atsp;39;1530;1532;0.130719;900
p43.atsp;43;5620;5635;0.266904;900
ry48p.atsp;48;14422;14422;0;900
ftv55.atsp;56;1608;1609;0.0621891;900
ftv70.atsp;71;1950;1985;1.79487;900
kro124p.atsp;100;36230;36612;1.05437;900
rbg323.atsp;323;1326;1426;7.54148;900
rbg403.atsp;403;2465;2508;1.74442;900
ftv170.atsp;171;2755;3231;17.2777;900
